{"id":33775153,"status":2,"title":"FrançaCodev","order":10,"templateKey":null,"customTemplate":false,"customTemplateFilename":null,"pageLinks":[],"dateCreated":"2023-02-02T22:45:17.162Z","dateUpdated":"2023-02-02T22:45:17.177Z","folderId":null,"pageName":"FrançaCodev_33775153","customColors":[{"color":"#ecc11e","status":0,"transparency":1,"index":0},{"color":"#eaa513","status":0,"transparency":1,"index":1},{"color":"#cb6018","status":0,"transparency":1,"index":2},{"color":"#171810","status":0,"transparency":1,"index":3},{"color":"#03f46b","status":0,"transparency":1,"index":4}]}